url_path,views_total,views_unique
/AiratTop/qdrant-self-hosted,17,16
/AiratTop/qdrant-self-hosted/blob/main/update-docker.sh,11,4
/AiratTop/qdrant-self-hosted/blob/main/docker-compose.yml,6,4
/AiratTop/qdrant-self-hosted/blob/main/AGENTS.md,2,2
/AiratTop/qdrant-self-hosted/blob/main/create-docker-volume.sh,2,2
/AiratTop/qdrant-self-hosted/blob/main/restart-docker.sh,2,1
/AiratTop/qdrant-self-hosted/blob/main/.env,1,1
/AiratTop/qdrant-self-hosted/blob/main/.gitignore,1,1
/AiratTop/qdrant-self-hosted/tree/main,1,1
